Number_of_Customers,Menu_Price,Marketing_Spend,Cuisine_Type,Average_Customer_Spending,Promotions,Reviews,Monthly_Revenue
61,43.11763549,12.66379252,Japanese,36.23613252,0,45,350.91204
24,40.02007699,4.577892097,Italian,17.95256244,0,36,221.3190913
81,41.98148524,4.652910771,Japanese,22.60042029,1,91,326.5297629
70,43.00530707,4.416052596,Italian,18.9840976,1,59,348.1905731
30,17.45619947,3.475051913,Italian,12.76614271,1,30,185.0091206
92,19.42766984,13.11447345,American,43.09994967,1,10,399.8675067
96,35.35034255,16.9603177,American,20.18162172,0,86,496.6536867
84,46.31464522,14.48634939,Italian,28.92110013,1,1,417.1586067
84,22.64786329,15.84187268,American,11.73261093,0,26,352.1480652
97,33.53226703,8.095968582,Italian,37.97357865,0,98,272.7935168
33,37.31928254,13.08151591,Mexican,23.22244009,0,1,318.7732089
12,28.07794405,7.084724809,American,39.78946911,0,20,189.2388689
31,38.55129819,10.51009244,American,26.49612242,0,57,218.4735501
62,45.98669781,9.632696931,American,17.83022426,0,4,308.9711494
11,34.96406177,3.537742903,Mexican,30.52700329,0,51,117.1533293
97,31.59124248,7.741575207,Italian,15.22018239,1,44,292.7543309
39,27.54978702,19.27644551,Japanese,27.62156639,0,84,252.5846616
47,33.09945084,4.971605154,American,22.6922191,1,92,182.9190408
11,24.21449807,2.676074726,Italian,46.47838337,1,19,60.37322071
73,25.65928441,8.371612432,Mexican,12.43714887,0,60,301.1840968
69,31.27429919,15.80675472,Japanese,37.76069656,0,37,294.335597
30,12.6647645,11.6429646,American,17.31004664,1,19,276.4921286
42,19.16101564,13.61949654,Mexican,22.76180297,1,24,308.198028
85,31.71397242,3.793896963,Mexican,26.62056252,1,1,267.4949482
67,27.26112573,12.37896386,Japanese,46.32060357,1,31,368.3336437
31,23.31263144,6.470007898,Italian,19.70313064,0,25,165.8841612
98,39.22196547,16.68606732,American,13.6523521,0,69,494.2657908
58,37.7487043,12.58597612,American,22.74758416,0,40,273.3665072
68,16.6692304,3.977125556,Italian,14.18703882,1,66,345.2649163
51,45.14516461,1.292333597,Italian,15.14385944,0,96,255.775191
69,29.81694506,0.852664186,Italian,32.95402392,1,0,203.9593522
89,39.65843645,7.428171353,Japanese,12.43607732,0,50,442.8549585
24,32.92603397,5.317022733,Japanese,11.23723526,1,4,178.3033493
71,49.90770464,12.92180247,American,38.57656406,0,12,485.2402706
71,40.0961248,9.9866767,Japanese,24.46588379,0,18,262.1708567
56,38.27921845,5.32038556,Mexican,15.01501397,1,11,343.6727362
71,41.14287756,2.984755559,American,20.14451083,1,47,309.3590956
60,15.72511942,2.543995254,Japanese,35.68346029,1,24,268.8777339
64,18.18178373,17.29320784,Italian,21.02146269,1,56,249.757181
73,38.56256329,4.869559368,Mexican,29.780845,1,34,304.3846129
12,29.75925949,13.03421296,Italian,14.86781227,0,75,116.7904526
60,40.18541167,16.21371856,American,33.5237455,1,93,305.9655992
16,14.11664123,12.28162622,Italian,22.64310735,0,4,138.2032058
30,31.45925406,17.19130463,Japanese,35.07873738,0,97,277.2829196
82,25.15286262,7.847874431,Japanese,42.33579529,0,21,415.4999787
48,28.28000877,19.12444381,American,34.46585678,0,76,324.8181694
27,34.15831488,2.662900084,Italian,21.8299025,0,56,218.4098265
13,30.0915339,2.042990593,American,20.22974806,1,46,142.2740039
98,31.59442548,13.17384292,Italian,23.09683835,1,53,362.5184822
69,29.45429928,18.85662283,Mexican,16.58482053,0,2,433.9088069
23,26.35820708,16.17766923,Japanese,17.24687403,0,52,220.8440634
18,40.87527922,1.528337189,American,41.62764408,1,83,155.9520951
99,10.48812289,5.587354279,Mexican,25.38930306,1,30,433.1772878
62,33.93770805,18.6063777,Mexican,27.43980722,0,68,345.1718044
11,32.62033389,5.061168656,American,33.76197862,1,87,-28.97780879
93,38.64716299,15.62340848,American,33.58613981,1,32,387.0318044
69,33.96117459,16.50264392,Mexican,12.69507486,1,71,424.5034802
80,43.07195311,9.909042069,Italian,43.26163145,0,87,385.9386454
53,48.36299178,7.726978197,Mexican,17.09306213,1,49,291.8133288
17,23.70097029,9.002488648,American,38.92286544,0,83,136.685594
56,19.09403932,4.539293887,Mexican,40.90683953,0,15,239.0277439
44,26.9438745,17.78781832,Italian,38.59598136,0,75,328.2755963
87,21.51718466,9.012393135,Japanese,33.15910586,0,76,313.5640786
90,34.59801053,17.64918881,Japanese,10.58435988,0,38,459.3053087
45,46.47409635,2.113869598,Mexican,24.41501969,1,88,312.9120107
59,15.56464777,19.76550542,Italian,34.19357717,0,45,325.1018811
13,14.03178412,8.865461749,Japanese,25.49805184,0,95,76.65350206
11,20.24062127,0.956616408,Mexican,44.5391958,0,87,163.8073293
15,39.04382344,0.760436965,Mexican,22.35209101,1,46,113.2107886
63,33.71851621,14.92414515,Italian,21.7413917,1,43,242.1051453
13,14.08850657,13.18071068,American,20.63990772,1,8,112.0015302
63,46.75002089,16.04261116,Mexican,23.31123476,1,86,326.2939592
72,41.60338548,2.107350679,American,32.29619857,1,49,330.2542096
27,10.92090419,0.711417341,American,38.28061177,1,76,178.572959
99,36.05468844,10.17158579,Japanese,36.50271671,1,59,363.2381375
53,40.84986674,7.75190463,American,42.3087128,0,95,326.9734099
43,24.97741479,9.238938733,Italian,45.43655982,0,14,233.3247689
83,12.75686157,19.83176818,Japanese,42.64316169,1,35,367.6532909
71,13.09284262,19.41499915,Japanese,10.75781613,0,62,262.5682778
23,14.16987864,18.84630779,Japanese,39.43671814,0,68,140.8462541
57,43.61758528,15.67685354,Mexican,18.33598294,1,85,308.708379
24,46.42744793,7.096827205,Mexican,15.31712171,0,79,250.1765183
81,14.91243127,8.242618605,American,35.53955139,0,40,308.4835922
87,19.43624138,10.99232087,Japanese,22.78972782,1,73,251.2093448
96,16.62082041,16.61068913,Japanese,12.28468653,0,23,563.3813324
71,17.45283518,1.37425665,Italian,15.50518938,1,81,221.3899269
49,43.49963156,8.485937718,American,10.03717667,1,48,354.0511695
94,23.28585651,1.652353269,Italian,46.12894509,0,17,327.1516584
89,22.45777056,10.29315173,American,10.98471935,0,6,334.9565374
91,19.09582484,17.97801648,American,18.37823078,0,3,391.8035009
62,34.31577575,15.64969849,Mexican,26.65051123,1,89,380.1445807
33,25.17222794,4.556848351,Mexican,24.26285304,1,68,41.59068666
35,39.76998607,19.51981699,Italian,46.46903508,1,59,199.9911442
98,18.22319234,13.34700796,American,11.61155783,0,54,432.7392218
69,41.51159555,0.208553988,Japanese,30.48858831,0,15,279.7553194
50,34.14886127,5.108269694,Mexican,37.2191785,1,98,325.8872649
38,14.570692,5.214265998,Japanese,47.26791895,0,89,98.06199096
24,26.58018337,1.385086126,Italian,34.81485008,0,81,128.4403363
54,44.54072562,19.19653036,Mexican,42.15020944,1,28,371.9437925
74,46.91840927,9.565105892,Mexican,13.34899751,1,22,307.7723269
98,28.62800489,17.91629195,American,25.43758044,0,13,365.4749116
80,29.23347912,6.444310069,Italian,24.95788538,1,78,419.892437
18,46.738189,2.504671409,American,45.45152866,0,48,135.0952899
97,33.48272897,9.486722198,Mexican,16.05484685,1,32,412.5826517
10,11.31386681,2.279132694,Italian,16.07544689,1,24,-27.61027601
17,46.50997852,9.72031006,Mexican,23.142326,1,20,131.2350416
97,19.92905771,18.40594362,Italian,12.17864189,0,16,449.0210765
72,33.10527816,10.41536284,Mexican,17.29832163,0,22,401.9888859
20,16.6205327,12.32999454,Japanese,48.60838554,1,56,98.58966672
90,11.35516641,3.132768739,Japanese,27.12735759,1,80,204.7213793
17,22.45892685,0.874712518,American,35.28076834,1,57,-25.45342991
44,41.2198283,2.216159244,Japanese,39.04445037,0,13,196.3214949
44,21.10348691,11.97063151,Mexican,24.67845628,1,92,251.8456981
42,18.80388856,1.90023398,Mexican,15.88908298,1,19,194.4723994
14,18.50723137,7.519857799,Japanese,18.26324065,1,29,83.55896435
50,30.6069473,11.00183881,American,22.53065906,1,18,365.8905363
37,49.02165263,7.773055973,Japanese,35.44273681,0,52,241.2438154
16,28.35955952,3.273676029,Italian,25.93122196,0,55,154.8721373
82,32.29221476,5.47582615,Italian,10.27258792,1,76,229.2625114
81,44.42528072,18.56635066,Italian,30.9362874,0,81,376.7581595
21,31.40278876,13.51964551,Japanese,46.86053568,0,22,130.0347865
43,17.37851486,9.920956774,Japanese,42.48310444,0,61,221.9570694
42,21.98383647,0.2542978,Japanese,43.00845485,1,32,200.6812301
57,22.39747705,19.84830801,Italian,41.8023207,0,17,306.330244
32,25.89272462,13.4290987,American,22.94923302,0,72,130.277355
71,27.07155621,6.338449547,Mexican,40.60775335,0,32,289.8920296
97,41.99128088,17.5853732,Japanese,15.72645431,1,31,448.3815013
46,23.97547996,5.168632406,American,36.30864589,1,60,156.9067705
53,28.72927314,10.88033158,Mexican,35.66274267,0,53,389.0985156
95,34.99903948,12.72141527,Mexican,11.02279196,0,16,476.4561107
44,25.1090379,4.421267429,Mexican,41.51880534,1,18,160.3854626
74,43.46259253,19.56794558,American,46.1299242,1,90,490.2307266
56,33.49814417,14.96383812,American,20.69661114,0,69,288.7082461
87,21.76178717,11.15626451,Italian,42.49562897,0,98,278.6971706
12,38.56236799,3.611891964,American,13.29623887,1,33,58.90983174
10,31.10590921,1.07716414,American,33.99871433,1,83,76.56291267
14,31.37823565,6.40119665,American,29.42587461,0,24,157.5013266
99,29.24351794,15.06374672,Mexican,31.83694133,1,67,461.1858325
23,29.88047795,5.386625966,Japanese,47.04820808,0,73,266.4799919
36,40.61425124,10.79112441,Italian,44.85260989,0,73,101.7397794
18,14.11925917,14.55894353,Japanese,41.40334629,0,87,209.8282253
88,23.37451245,2.158874293,Japanese,20.94793831,1,84,333.8217984
24,13.02013455,13.70596032,American,46.47274515,0,10,181.7307571
99,40.12984883,1.837417754,Italian,13.9003077,0,90,341.0259733
51,20.89207419,19.30259484,Japanese,44.13316866,1,15,271.4703792
86,45.89721639,9.767882601,Japanese,23.12640289,1,89,489.9498646
60,31.06313867,3.013522154,Italian,12.15089247,0,60,282.188614
72,42.02999086,6.847672721,American,36.77427937,0,93,357.4846908
61,49.15725742,8.268328986,Japanese,19.25119713,1,79,371.7087958
13,43.59155438,15.16370022,Mexican,19.74284503,1,6,115.0898635
32,44.6797504,14.86847572,Japanese,22.24188665,1,15,151.8647318
24,26.31937981,12.23881011,Mexican,12.5473907,0,98,63.00779063
52,32.06890381,2.118614251,American,17.08508577,0,15,203.3759881
38,20.15554256,3.031387432,Japanese,10.2055851,0,39,224.6209835
45,17.84452399,1.875138413,Italian,27.81638084,1,11,174.6028056
22,30.22031516,11.54345567,Italian,13.3702151,0,34,160.4799298
41,33.80195919,17.54276883,Japanese,37.3061042,1,20,252.6859901
80,23.57084984,8.676010245,American,19.42491405,0,49,355.5429149
68,32.77774071,3.216963479,American,47.74296576,1,42,245.170225
95,45.4984193,11.1608465,Italian,44.8500651,0,99,472.4465972
37,32.26886339,16.23504434,Japanese,21.5776358,0,16,152.3316354
75,38.83252385,14.83424123,American,41.32861819,1,31,461.4226661
51,42.21259869,17.62901559,Italian,42.12979619,1,40,280.4429944
54,49.54915128,5.558041945,Mexican,49.46252456,0,5,264.632079
71,34.12789609,3.879077345,Japanese,33.91359947,1,87,299.6345076
66,42.27400596,17.59632972,Mexican,13.27862939,1,26,384.9893461
15,48.50597274,13.15120626,Mexican,35.87348916,0,19,208.8922763
37,47.77638902,6.2185786,American,34.99918994,1,24,247.3137544
37,15.64327395,14.84696101,American,35.5340231,0,65,114.5216964
53,26.25569233,16.30236769,American,22.28582592,0,8,366.7007793
93,22.95960244,12.29956481,Japanese,44.3871834,1,91,374.6946211
39,13.4770006,13.7576822,Mexican,48.37888732,1,52,282.1283025
71,35.329631,7.505198089,Japanese,18.70850052,0,60,284.2144476
84,39.43618453,10.77391335,American,13.52608633,0,37,347.2142781
98,43.92512382,10.48318341,Mexican,17.78140133,0,2,383.5234315
71,14.91107559,16.96095582,Japanese,42.82208557,0,83,399.7027714
10,45.05776304,16.79927961,Japanese,37.06578539,0,69,157.593608
36,35.71702254,16.65360939,Italian,35.44189369,0,96,281.1399417
71,38.15784541,0.220632285,Japanese,26.0717254,1,54,243.0342553
86,46.42496014,14.99090969,American,33.11311886,1,0,340.6267178
12,34.99045084,15.1735278,Japanese,22.31496501,1,69,162.6838914
79,23.43463429,13.56757646,Mexican,29.08800318,0,44,279.2886934
81,43.00429326,15.12529316,Japanese,41.72252113,1,97,385.0488273
36,24.52236849,16.83940743,Italian,49.2496639,0,46,238.0065897
18,11.36912443,9.406381082,Mexican,47.29955694,0,78,113.6556177
71,43.22618026,10.04100427,Mexican,47.35463771,1,25,359.898749
46,23.8076858,2.494281138,Italian,26.08894939,0,13,227.949084
60,40.95338093,7.707517661,American,28.75159522,0,53,231.6345442
53,24.51031579,12.8673036,Mexican,38.22541585,0,70,344.3766981
33,44.4427208,15.60799552,American,46.88767712,0,45,258.3128436
88,18.780421,4.344181954,Mexican,15.67977037,0,30,292.4033827
68,48.98189061,2.756457983,Mexican,22.16967455,0,87,217.3504514
41,41.19035099,13.26084009,American,15.56987378,1,58,269.644218
97,14.56951704,0.03759767,Mexican,34.4803412,0,94,300.3599903
61,32.6310648,3.567451686,American,22.25203988,0,28,275.4038574
71,49.41469249,0.581427607,Italian,23.0443141,0,95,270.5133607
67,28.84261811,3.337702357,American,12.83663838,0,16,366.2391636
61,17.28428555,3.626385599,Italian,23.99184247,1,13,205.3492661
21,29.39113469,7.753471895,Mexican,44.4998603,1,35,226.3917444
48,30.49830624,8.046542494,American,19.32291248,0,57,362.2557787
11,39.66747777,17.48524941,Mexican,37.80749865,0,23,163.5019343
12,37.95383413,10.20219425,American,35.1851338,0,62,140.2683836
65,26.10200174,14.46809531,Italian,44.53938433,1,90,258.3387278
90,18.7209243,2.082747158,Italian,15.29151791,1,24,284.7478321
68,35.80216671,4.508775109,American,49.10359841,1,58,261.2324669
11,26.86815738,14.05886882,Italian,33.30514584,1,31,136.8781096
11,15.29104845,1.056079209,Mexican,49.81896609,0,81,138.2696452
63,46.02289205,9.731953245,Mexican,46.46058903,1,17,363.4186198
96,37.6488743,11.98737931,Japanese,18.86069088,1,36,384.7706242
10,37.32735426,12.04291288,Italian,12.2464804,0,25,236.4496811
28,42.90335504,0.458656225,Mexican,20.22556375,0,8,164.6375348
11,31.18646715,6.442160085,American,31.10254596,1,98,57.31941977
62,42.60217714,12.72981302,Italian,16.86385468,1,63,325.5445588
53,29.92363014,2.979994723,Mexican,16.69838978,1,71,233.7958127
99,12.687016,13.90831297,Italian,28.50374188,1,19,436.7806564
41,26.20992352,14.91850418,American,11.33071885,0,53,215.0685303
79,29.89859576,19.63938381,Mexican,14.8755233,0,85,432.0267035
41,38.80810327,4.196839897,Japanese,26.63445358,1,82,278.8993453
77,14.26314921,16.50261335,Japanese,12.52519637,1,29,308.9682697
64,15.60074155,10.40593154,Italian,25.87020226,1,52,254.1584923
84,20.54735211,7.469251923,American,28.96025064,1,91,267.6304698
65,20.65993573,2.447535147,Mexican,28.05066456,1,98,199.9807309
26,39.28738314,14.71011213,American,44.7669943,0,62,224.9284042
47,20.02922642,4.717151983,Mexican,31.2024982,0,10,258.7153264
33,35.32392253,7.428440037,Italian,28.7192185,0,30,269.238539
78,29.77095401,1.250844538,Mexican,26.42836982,1,48,290.8349706
79,32.93177513,16.02733832,American,42.70493513,1,99,262.777638
95,43.52427853,15.33177048,American,45.80226416,0,93,409.3034161
20,26.17526006,14.6723166,Italian,44.12969877,0,86,193.0134803
25,40.83645508,5.98887021,American,36.94186313,1,18,180.661047
82,26.88144238,3.469601485,Mexican,15.49446984,0,11,285.4671803
68,24.15485506,12.75106529,Italian,21.07479878,1,14,328.6551331
79,48.34508709,9.923327682,Mexican,11.84252255,1,30,443.9866368
89,17.37483683,3.565049338,American,47.232963,0,42,301.1595741
12,13.61347842,13.71822542,Italian,36.43194119,0,36,96.37982086
29,40.83943702,19.82252864,Mexican,39.85451537,0,78,252.9834074
68,12.72998821,14.94439175,American,22.46286958,1,28,315.8337353
45,43.48315963,14.79972773,American,43.82614089,1,25,397.6446395
28,27.48773585,19.00625506,Japanese,20.38413135,0,1,237.5759044
99,46.62054709,4.058727351,American,10.06575028,1,83,404.5022097
76,38.86131444,11.3109993,Mexican,25.0565985,1,14,350.3093698
28,34.41618668,19.5929343,Italian,32.83045924,1,3,304.476143
29,47.97227188,3.305882219,Japanese,29.14819432,0,85,300.8587017
80,25.86597492,14.00503919,American,44.4830457,1,49,356.1079961
61,48.16347746,11.71620292,American,14.21621144,0,37,343.3628636
42,15.4000511,11.72958184,American,32.15293763,0,22,228.6471401
49,29.35019768,13.95341255,Mexican,30.51917399,1,58,166.4859381
48,20.7964489,18.59233846,Japanese,21.25571929,0,89,277.1865625
91,31.59371116,15.6516388,Mexican,42.8891245,1,74,424.0417604
10,16.48055512,1.122722068,Japanese,40.11394624,0,27,46.67513578
20,43.66118641,17.0545604,Italian,39.31436749,0,65,202.2323645
66,43.85631397,4.510826599,Mexican,45.04769913,1,7,268.0038012
98,48.20945251,7.538283295,Mexican,38.91138402,0,28,458.7283629
59,16.18688564,9.234656272,Italian,19.27365167,0,10,310.2055017
32,34.93330204,9.618120015,Japanese,38.22250847,0,17,219.0541329
40,28.96949235,8.703607985,American,22.30811254,1,54,388.9162198
51,23.77534928,18.74706588,Italian,19.68698601,1,49,291.3070946
16,24.06160645,14.12038015,American,12.92014372,0,13,116.011228
25,26.51174202,12.62341292,American,39.76114321,0,73,149.1359037
99,38.19702199,0.996840556,Italian,38.44003848,0,98,356.1414009
69,33.93144233,18.07826661,Japanese,19.37997911,1,8,308.5063722
11,28.38726051,18.18780384,American,39.97516067,1,98,241.8505908
10,13.03733641,15.60426127,Italian,46.71363532,0,10,142.6744769
57,13.11061376,0.140584076,Mexican,14.3211583,1,62,221.8492868
21,10.09357563,1.145605022,Mexican,19.30546554,1,75,158.559878
78,48.70797553,4.504474045,Mexican,40.01043176,1,66,307.9686104
46,10.21015274,2.626988163,Italian,20.98026694,1,52,120.2269498
41,14.12374984,7.976720594,Mexican,34.98655897,0,38,276.8719589
18,22.58386227,18.45246116,American,13.24656898,1,77,89.21713909
28,42.29721007,9.441208684,Mexican,28.08809916,1,55,153.3087716
57,48.48395143,0.268052529,Mexican,39.56365688,0,27,283.6463855
89,41.60054235,5.654913792,American,37.46055772,0,74,424.2944992
12,37.6224093,0.891898167,Mexican,42.60288403,1,38,73.048537
29,30.8520267,0.725752452,American,45.09808506,1,24,193.8420028
33,13.46820847,5.514397062,Mexican,40.92734005,0,20,181.3720251
63,48.32683172,5.512246774,American,36.86350972,0,9,295.9440034
42,40.33569656,15.74253205,Mexican,11.26889967,0,42,306.2799142
33,35.55797541,19.49669306,American,31.39866694,1,14,206.8633648
84,40.36143382,7.424141878,Italian,11.507909,1,82,413.004619
81,38.96413317,8.577737577,American,42.32271268,0,47,434.1430938
45,35.48926319,16.89578873,Mexican,22.82898098,1,85,213.3767241
47,49.22307201,5.362780402,Mexican,32.49717496,0,20,186.8682213
93,46.13455251,3.127636088,Japanese,21.17781229,1,59,308.1363814
98,35.86659676,17.06179247,American,41.30000578,0,95,464.1886581
34,37.72700846,0.930011729,Italian,45.46010107,0,49,221.8614914
27,12.06383227,12.3939888,American,25.94569977,1,22,158.0483244
91,36.79669858,11.23985695,American,44.51689574,1,12,382.7124179
75,11.76661751,6.91840895,Italian,20.6830003,1,68,296.3168077
63,33.53055028,6.303790422,American,31.38643692,1,3,318.5696854
44,49.97413998,15.43715452,Italian,44.35045719,1,91,330.7138193
89,32.23226326,1.728492215,Italian,23.0352537,1,77,330.3941751
70,28.92840472,4.735686186,American,48.1616906,0,71,349.2052774
50,22.51419426,14.64897464,American,14.87518007,1,8,307.8453531
42,14.82090315,10.96641167,Mexican,10.73100279,0,34,208.1580688
77,39.24094686,2.559764171,Mexican,46.1654141,0,20,398.5663825
42,17.70396111,17.64271229,Japanese,12.74594665,1,57,269.0819814
23,14.61128085,7.868956931,Japanese,49.67556784,0,17,131.166999
30,26.87050639,16.55736751,American,48.05587448,0,96,391.9728499
57,41.81367352,15.75426031,Italian,15.4808364,1,71,288.5322251
29,39.80258192,12.48850893,Japanese,31.50338503,1,80,165.6309604
17,12.19530459,9.889622626,American,17.3968119,1,42,99.8022674
16,28.2057474,19.59101681,Japanese,27.12620692,0,94,281.0757323
76,30.89738304,2.899301448,Italian,12.45700517,1,97,406.3648505
26,35.78186603,14.50311455,American,18.95698351,1,5,271.721235
42,36.00669402,3.823814029,Italian,24.53091186,1,85,249.136435
57,24.58788998,6.765262107,American,27.54590001,1,77,187.7977805
85,32.42708776,6.173974867,Japanese,49.09985033,0,66,346.2718972
68,29.24247535,18.94071975,Mexican,42.31462583,1,11,233.1435954
95,45.39993426,19.34712356,Japanese,39.49639777,0,99,522.7666363
31,31.21060531,3.660308885,Japanese,31.48165259,1,11,235.4213325
39,27.64128647,0.440703206,Mexican,43.59991042,0,65,172.9336307
47,26.17941799,14.40016079,Mexican,23.57291343,0,1,321.7673344
60,32.89711038,8.359798677,American,38.35596451,0,14,234.9335908
63,42.15907918,1.776804902,American,49.75135902,1,22,230.3129584
17,31.53605962,13.67508211,Italian,22.58515636,0,28,201.3184206
36,36.466207,10.90211057,Italian,36.9607014,1,80,246.5948799
36,39.51423068,19.61033644,Japanese,43.77259457,1,95,291.8101925
30,30.8067244,4.548189917,Mexican,46.63230333,1,6,27.15113597
39,27.07268227,8.079557527,Italian,38.71730764,1,93,244.6490118
37,45.06661511,10.85091607,Japanese,21.34431694,1,27,285.2456746
73,26.70024336,15.83399977,Mexican,23.05128606,0,13,308.8283974
78,28.47771402,10.97677313,American,10.83032128,1,43,374.4070008
70,49.61365253,12.25800322,Japanese,40.43543911,0,29,300.3489903
57,10.00950094,4.522941032,American,11.70958424,0,80,244.5486958
28,17.41891638,16.93837456,Italian,44.58609418,0,31,159.6923291
13,25.3585556,8.572610939,Italian,14.74642458,0,69,210.8077187
44,47.30359638,2.81919255,Mexican,16.87506049,0,87,252.1820121
73,12.80118823,13.28375829,Japanese,29.06105883,0,5,372.3558883
58,10.37941735,4.321809064,American,39.51521661,0,26,270.6884077
26,12.10735344,1.951250205,Mexican,15.56008821,1,81,184.7136561
53,13.54173642,17.23973817,Italian,27.602843,0,87,251.3293657
39,11.50387093,9.20324529,Italian,29.31405098,1,23,139.5220891
55,29.19125307,14.98567425,Japanese,18.49142567,0,33,286.278497
15,33.23028829,5.811751196,American,14.62233507,0,39,155.7636668
46,20.86747884,15.7394027,Japanese,43.45683692,0,46,286.1998055
33,25.93149536,2.23871854,American,30.09862599,0,78,143.3425137
55,13.6679734,7.119467476,American,10.57524944,1,74,140.1916724
62,23.45481855,19.56123636,Japanese,42.11925205,1,85,245.661809
69,30.90076767,15.87979433,Mexican,49.23175222,1,23,264.8550625
72,39.29087229,9.945118606,Japanese,34.23704782,0,64,402.7605942
94,10.13385448,6.795549431,Japanese,30.14833548,0,17,254.6415017
41,28.69243066,17.442714,Italian,45.13663452,0,43,267.4654382
96,21.88011506,10.89695518,Italian,48.10067159,1,75,460.829895
42,44.11287287,15.16850036,Japanese,40.18147664,0,56,314.1676277
76,38.62213261,15.08215361,Japanese,27.81811719,1,27,484.9508482
27,33.56434138,0.358913571,Italian,33.68885597,1,70,164.7211441
34,21.09062583,2.525075656,American,38.0374146,0,22,216.4565973
63,46.41356408,13.19258733,Japanese,17.77094284,0,84,281.4750959
67,11.80402709,3.232396226,Mexican,27.88804129,1,33,234.2347987
76,14.37870395,5.109866893,Mexican,43.19285059,1,10,174.0834241
55,25.66520562,18.93275908,Mexican,36.18901394,1,85,364.0336258
33,14.97750229,11.20364517,Japanese,26.44816269,0,34,300.0270934
41,48.2566279,15.01459014,American,36.53450136,0,92,263.8036196
56,41.91957289,11.15961478,American,14.72889648,0,41,318.3322992
95,20.35930606,11.0502723,Italian,26.05990442,0,27,294.5890405
32,33.54216916,1.883038203,Japanese,41.72514152,0,81,202.2351329
75,49.2932206,6.873263852,American,18.82035149,0,77,406.0549437
36,45.36795913,5.648617974,Japanese,17.4384603,1,81,144.5060822
11,34.03193786,7.814567312,Italian,48.0327464,1,91,163.929111
99,46.14895869,15.96688376,Italian,18.39590518,1,23,459.0697423
26,49.56739639,7.438653358,Italian,20.43674319,0,7,238.4688011
42,39.73411292,9.033936385,Mexican,48.78463756,1,52,256.6323989
18,12.59945638,7.94762781,Japanese,39.38834281,0,71,126.5993077
52,26.06320946,1.86815944,Italian,37.98386132,0,3,249.2636199
57,43.51302941,8.821443165,Japanese,44.11705535,1,90,249.1352861
48,19.22276783,3.912185461,Mexican,14.63292329,0,99,227.1060701
51,43.22570071,3.734465915,Mexican,38.23824946,1,4,256.9056662
35,14.81355048,1.880722089,Italian,30.14754437,1,96,122.2985143
59,11.87781429,7.133419483,Italian,43.16602561,0,48,158.6342068
34,25.36362446,15.1496377,American,30.32566875,1,97,240.5400057
33,11.4692775,5.528833812,Japanese,34.80965417,1,29,237.9437898
22,48.29081052,6.246982038,Italian,29.10968506,1,71,198.886609
69,43.04822783,12.85349315,American,29.12635694,1,62,380.6134146
16,42.03078749,3.916816252,Japanese,40.71879912,0,46,264.0589653
66,35.19111692,17.93915861,Italian,35.14265603,1,25,339.0892755
45,18.65296092,10.40381047,American,35.33052806,1,56,197.3275369
54,30.73041467,8.952058806,American,28.01129935,1,36,173.0227527
29,33.8909629,11.15640384,Japanese,31.24437985,0,97,50.91547366
74,31.00126003,3.320686268,American,39.82870665,1,6,269.1761795
17,20.40933472,12.26946277,Japanese,43.03763676,0,39,181.1958148
25,30.60991697,7.262014733,Japanese,37.86245609,1,91,109.2163583
23,29.64745363,17.94372682,Japanese,46.96291955,1,38,197.817202
85,49.85343103,3.377084134,Mexican,42.81296353,1,61,374.1600239
96,45.89744592,10.14102208,American,32.47455159,0,91,353.8519756
24,28.53522993,11.96225259,Japanese,36.85624291,0,77,185.7354753
75,34.91749532,0.667672036,Italian,47.05233108,0,52,326.8374472
41,39.91486416,7.273862495,Mexican,34.76672177,0,3,336.2227678
96,11.39460641,14.65270469,Mexican,42.99227792,0,81,324.0212621
72,45.79685765,16.40755015,American,37.55242014,0,24,376.373954
95,44.40507266,6.263239896,Japanese,32.07745444,1,6,399.2691103
60,28.29728391,15.97186545,American,19.67352782,0,27,293.0874415
34,25.64679064,19.35511754,Mexican,27.03990078,1,68,278.8705847
67,20.91837499,17.13747872,Japanese,48.70971299,0,66,300.9057773
72,29.06707313,2.352879763,Italian,36.31061533,0,94,302.6967588
71,11.77506654,14.79460664,Japanese,32.57581521,0,19,288.9048253
31,44.08774133,6.393336649,Mexican,47.31826502,1,82,234.3481646
67,11.41689474,19.76831979,Italian,33.46047124,0,10,263.463877
67,23.16205461,9.707179663,Japanese,31.04330074,0,66,300.5994886
95,47.26357953,2.448677967,Italian,40.37243421,1,86,480.7545138
58,39.40850618,14.50371096,Italian,38.50662476,1,6,255.1177213
61,21.25563842,6.460223968,Mexican,17.72640034,1,22,214.8227571
51,20.10596376,19.94156314,Italian,28.85233098,1,60,267.7270824
79,10.20328559,19.59564916,American,28.90061771,0,70,408.1658206
24,37.82857171,13.12268036,Mexican,25.12898061,1,33,231.9747141
63,11.95134327,2.596528979,American,30.69173929,0,18,83.0636909
69,31.30410078,13.73721995,Italian,26.52429591,0,57,412.9268001
17,48.4848789,1.860609729,American,17.97381958,1,8,211.389448
62,14.3787544,0.587283182,Japanese,26.49465949,0,47,141.5435209
69,45.77919724,16.45916892,Italian,12.8910779,1,81,325.0684297
14,49.65901341,4.195058954,Japanese,33.03143451,0,40,292.2978294
77,12.46068105,7.580542524,American,44.14618196,1,47,343.4945802
15,45.31625077,19.4691478,Japanese,39.01148337,1,44,299.3528926
56,30.64316082,6.736810037,Italian,24.4157616,1,24,270.0704893
64,46.26054878,5.929795626,Japanese,13.48284822,1,77,259.5662004
49,32.85275768,18.36415999,American,18.08597597,1,24,287.2146326
61,36.4844804,2.214968906,American,31.81961362,1,18,325.1546481
25,31.75115632,15.1916482,American,18.28228334,0,38,174.6629697
22,44.57971521,19.76131133,Italian,31.75892445,0,78,222.7186198
39,39.35639676,18.02592022,American,19.26396099,0,79,359.0860101
28,30.85041249,13.03335837,Italian,43.95695478,1,26,208.4240831
26,44.72643216,6.2812159,Japanese,25.89085891,0,73,278.4208386
72,19.81142129,5.086439624,American,19.82202504,1,62,246.1307927
28,16.29362639,16.3851021,Japanese,42.49304721,0,67,165.2538355
67,16.41600421,17.59643828,Mexican,23.71355859,0,18,276.6655938
64,23.36035515,10.50869825,Japanese,14.45950751,1,27,314.105031
99,19.54760125,4.886798816,Mexican,32.81637966,0,84,319.8655012
99,47.20361402,2.258864168,Japanese,33.26256818,0,77,394.4393476
71,14.23336375,1.743589357,Italian,38.58782701,0,32,218.4024908
32,37.95962952,14.38154895,Japanese,19.60877733,1,9,291.0891079
18,17.56886159,8.402374557,Italian,27.75085356,0,82,192.8954576
21,45.26548531,18.10719749,Italian,21.29471676,1,29,185.675556
10,48.45261153,14.79342601,American,13.23814944,0,21,260.8661242
67,28.61880035,3.825208358,Italian,45.06455308,0,2,424.0145018
10,45.16285921,12.27554838,Mexican,39.15479218,0,81,155.7844327
43,10.20580683,8.710109088,American,22.05852238,0,74,171.4008164
57,42.7978767,11.54499462,American,33.97491971,1,47,472.8480308
98,19.14500646,14.76138247,Japanese,18.05055153,0,1,371.681354
10,46.34805237,16.12391762,Italian,45.60946487,1,75,228.9437953
25,10.04480446,16.87474653,Italian,14.59625373,1,53,220.3678807
70,32.2472694,5.079497491,Mexican,10.15348582,0,5,364.1679974
73,40.26543215,0.622311998,Japanese,30.08032791,0,39,310.2675784
72,20.34753323,14.7858947,Japanese,33.32511294,1,92,297.4458824
78,17.72531458,2.126874525,American,33.15861281,1,93,240.5142952
31,13.36392898,6.298391772,American,12.1804771,0,1,79.86631534
76,23.05734306,0.076342682,American,22.56175228,0,72,264.1027406
85,32.39377249,13.63338965,Mexican,29.96795787,0,1,391.66196
35,14.63375427,3.342640229,Mexican,18.66316743,0,92,110.3208532
25,25.06781448,13.10564819,American,44.90503542,0,96,40.07049395
60,10.36289619,19.83485234,Japanese,13.48437158,1,73,361.5529383
95,42.74717682,1.453417432,Mexican,29.49537767,0,97,346.9235192
66,15.13794872,1.541560239,Japanese,37.6566423,0,54,145.6654655
38,21.33371793,6.807601853,Japanese,20.47004401,1,71,162.101083
87,10.73710875,17.32773029,Italian,34.96962948,0,59,371.7323479
78,27.28963136,4.310597376,American,43.17540601,0,96,205.1618195
56,43.60486011,7.207556399,Italian,17.613479,1,5,324.9862276
71,25.68604846,1.370108133,American,46.68882367,0,18,196.4012515
78,17.17989294,15.26310583,American,32.14234131,1,95,434.8650083
85,40.14795336,8.166126855,Japanese,21.96928017,0,26,437.7259277
25,41.55227927,15.18497466,American,27.23433102,0,0,212.9365565
99,16.95013901,18.07215689,Japanese,22.48767535,0,32,394.6819877
99,40.83416434,4.655262942,Japanese,39.0044464,1,39,405.4757996
57,47.89191553,16.14792061,American,41.85202654,1,31,378.4028782
94,16.65510348,1.181877802,Japanese,43.31749569,1,68,317.9346753
48,40.8393717,17.97694776,Japanese,49.43072998,1,16,287.5643152
42,38.34288018,13.01537095,Japanese,41.6513717,0,7,275.2114984
32,28.94295554,17.48453448,Mexican,34.05536283,1,56,202.6176117
19,12.31681842,0.003767991,Japanese,23.56881194,1,41,110.8748855
78,12.98777671,3.381621407,Mexican,31.78381795,1,97,196.9283363
43,44.09658637,7.795187749,Mexican,11.64272691,0,8,261.2715461
61,49.60593491,7.590058067,Japanese,39.79300302,0,86,293.1873092
19,37.04209029,4.534607658,Japanese,27.8382218,1,34,111.1706306
28,27.83833228,7.632238797,Mexican,10.80092919,1,70,260.9154433
67,35.90294574,2.57697424,Mexican,12.50027766,0,78,284.5457691
10,33.77583437,8.255222585,Japanese,25.49865855,1,52,106.5554469
78,25.34449042,16.04708658,Japanese,33.33686076,1,53,417.2333618
13,12.62504578,9.581401262,American,28.56815796,1,83,141.2283856
25,42.8605179,0.360001779,Mexican,34.76817269,1,24,225.6358839
33,24.87334117,8.428880832,Mexican,29.21177035,0,66,127.9365596
89,42.75142573,0.543500322,American,36.46815382,0,61,380.8633043
11,20.10034999,19.32486821,Mexican,18.76504259,0,54,139.3655501
41,10.04117919,2.549079188,Italian,14.51372749,1,45,226.6879005
93,16.35753133,14.15376653,Mexican,33.85735819,1,23,220.9561244
33,28.74157667,19.45552646,American,29.38758068,0,97,167.1026649
21,47.7721454,16.52078103,Italian,11.07470616,0,45,336.3950397
59,14.08774479,13.9863075,Japanese,25.21927542,0,21,270.5425511
44,44.16839098,16.78921819,American,14.24502342,1,10,297.2885877
42,31.08096385,19.63597387,American,31.25427327,0,47,239.9143063
42,43.03683063,12.42688995,Japanese,25.83110719,1,7,258.6604559
70,21.93497724,11.18369614,American,34.52607644,1,38,162.4303339
60,43.59788659,12.56476221,Mexican,42.22408875,0,34,357.71479
52,40.9129112,10.65351774,Japanese,21.98674735,0,48,264.9095348
21,19.20214732,12.70178212,American,48.48408417,1,45,151.7332266
76,15.25340506,8.996844159,Japanese,31.42538002,0,37,315.4251889
74,44.7221729,4.368863658,Japanese,34.73163195,0,7,291.4544727
42,48.52946614,2.40494453,Japanese,37.22689493,1,53,330.2964304
49,11.25209255,1.366818711,Italian,36.66926119,1,36,156.0776544
83,39.25080268,5.266315675,American,30.43882972,1,90,329.2473389
52,46.38098044,0.922471287,Italian,27.15057164,1,91,274.1840667
53,44.29440368,11.3434156,American,12.15127857,1,39,309.479463
38,48.58081889,5.67656894,Mexican,10.88343381,0,33,341.970237
22,40.40376314,16.49069616,Mexican,24.31844778,1,95,247.0698273
21,27.6919505,1.48481746,Mexican,23.34643563,1,78,111.0873077
55,22.47807962,4.527029887,American,25.50780619,1,16,290.5908109
11,22.82970962,14.60492294,Japanese,15.53472804,0,32,49.23777578
44,38.9769069,11.97616593,Japanese,39.52673082,1,46,282.5435137
96,39.83348048,1.289825425,Italian,44.27857659,1,51,263.9744397
90,18.01436574,17.54478914,Italian,47.54858541,1,79,333.5772185
99,44.72491254,17.54523526,Mexican,29.69449214,0,92,518.3270032
17,38.59696161,6.608160078,Italian,38.03462797,1,8,204.3623864
35,32.51001145,6.808116867,American,44.22204494,1,32,256.8131171
83,28.8612984,19.78056717,American,26.73164444,1,59,399.7575479
99,31.72931223,12.52352343,Italian,22.37651179,0,92,341.8038146
43,16.36982953,10.62633041,Italian,47.46898223,0,76,229.5792084
16,18.14804997,16.76304367,Italian,30.62706204,0,20,104.6343107
77,13.64657962,5.705806767,Italian,29.89015546,0,57,402.9054623
67,16.14632153,8.583651868,Mexican,17.13664386,1,84,143.4209598
84,28.14774538,5.35553351,Mexican,14.32620058,1,68,390.9255975
38,31.21417575,15.78321693,Italian,43.6842745,0,9,219.190575
45,10.7144757,11.46698691,American,34.56532705,0,5,217.894581
98,41.87191311,13.1765014,Mexican,23.03298336,1,12,449.0744415
30,21.76671893,5.046144997,American,17.6694487,1,64,171.7534695
45,46.4734414,4.404506028,Japanese,32.21989121,0,19,296.0598969
19,48.70045054,9.76749258,American,33.35677157,0,56,151.762282
82,17.41835499,14.75131498,Italian,18.27974405,0,45,371.6100961
33,28.48389163,10.50479515,Japanese,44.05622992,0,7,190.6073138
73,10.04927341,0.652913551,Mexican,13.37057465,1,9,187.0222094
58,33.9330906,17.37103013,Mexican,24.24372341,0,72,329.386519
45,34.29225793,1.29373787,Japanese,37.21537655,0,66,233.3603624
91,19.90159822,19.11648967,American,20.96481455,1,10,461.8865537
33,32.3365069,0.502839166,Mexican,43.10700779,1,11,186.6819617
32,19.0216057,13.88900912,Italian,39.59471306,1,9,201.4229832
71,16.43301876,1.644141274,Japanese,41.56091378,1,24,157.6961069
46,36.06077867,18.21353159,Italian,14.76426144,1,48,344.6122706
21,23.03701856,9.288664725,Japanese,15.62188512,0,48,139.5235088
64,33.61055756,2.750475496,Mexican,21.45894951,0,88,335.9146027
22,27.32986996,6.816313996,American,30.72308661,0,10,106.8139275
32,49.3740563,3.296493507,Japanese,39.92064307,1,61,239.9972406
98,15.98322571,3.411638231,Japanese,43.46123563,0,35,311.2183851
39,28.58394387,18.9621664,Italian,38.17341264,1,38,302.7671014
26,37.21826505,8.904922246,Mexican,47.14387526,0,52,193.27788
71,25.82180336,15.77604528,Italian,39.54974038,0,89,304.2486844
93,48.98799407,12.79211122,Mexican,22.25071548,1,77,466.1583023
98,38.87550512,13.52852725,Italian,20.60325137,1,55,429.5654261
95,36.2793543,2.633868769,Japanese,37.84769801,0,0,339.6173814
22,40.2823707,4.683688936,Italian,17.71482275,0,55,249.7515456
68,48.10594552,15.7350067,American,13.70859243,0,3,462.1045294
28,46.31274612,19.41532413,Mexican,31.28891499,0,29,273.8164197
58,38.97141233,5.253512852,Mexican,42.86566279,0,11,296.2868417
21,39.96646556,5.431375295,Japanese,14.0551937,1,34,182.5007747
70,15.83688296,9.457942656,Mexican,41.67565295,1,76,412.926019
28,14.11169618,19.67680626,American,42.46288017,1,51,141.3203232
85,32.83618007,5.379178917,Italian,29.29096,1,30,383.5548713
18,10.73470548,8.139438193,Japanese,12.2924124,0,86,34.49421058
80,29.29425526,17.82960031,American,16.98359405,0,67,256.6920825
37,18.4139832,0.058420652,Mexican,38.29705101,1,51,110.2473821
87,23.84066271,0.7953193,Mexican,38.4711178,0,79,338.7863398
61,41.03218943,12.08143354,American,45.93421101,1,6,316.3952225
92,47.64950017,18.14760329,Italian,33.30744586,0,21,454.6898702
25,12.89665089,4.777133208,Italian,14.96429471,0,92,273.8694174
78,31.36968824,9.392835494,Japanese,14.85659622,0,74,329.6884102
21,45.30133943,9.009306033,Mexican,38.84529429,1,55,217.0683431
34,13.30034138,9.459426922,American,17.3513866,1,96,127.5885612
61,42.98056188,12.45039391,Italian,23.13541998,1,57,353.1623885
94,24.31205404,9.39487526,Japanese,29.48848028,1,92,380.2115742
62,22.88378809,8.949362826,Mexican,10.9905951,0,63,232.8714287
32,49.09865545,9.485768409,Mexican,19.95276108,0,11,320.5490125
25,18.03436359,11.81734883,Japanese,26.31558434,0,6,222.8760669
66,37.72775763,10.74014977,Japanese,21.18545274,0,54,334.1379957
48,42.85762912,17.08271995,Italian,15.4548131,1,61,196.0726971
62,11.64733981,0.98993707,American,39.12049031,0,89,215.9855398
51,36.81541833,16.66634143,Mexican,42.52590621,0,72,395.5429116
67,48.06199897,16.87849225,American,20.29915905,0,97,325.7322599
48,14.96879867,5.698160431,Mexican,40.97677978,1,76,263.3963601
23,45.84885211,9.2570391,Mexican,25.42214258,1,54,260.9994444
14,33.7910655,8.770769771,American,30.26743163,1,35,190.9114448
44,34.66418327,4.370196687,Japanese,44.240043,0,88,216.182297
96,34.51776699,7.935936942,Italian,39.99814727,1,23,281.9620174
84,21.95343545,0.887755443,Mexican,42.20467405,0,43,302.3945611
27,47.40807261,5.556441456,Japanese,15.47380666,0,16,194.4983578
85,47.89401851,16.33364351,Mexican,12.78877703,0,1,447.230857
18,35.01218641,5.691246035,Italian,45.73618916,1,12,45.38150684
83,41.33690904,16.36413337,Mexican,25.51337078,1,30,358.2770185
67,34.49031944,10.63198929,Italian,21.51518712,0,92,370.3349418
26,29.3759379,17.59725355,Italian,38.98785017,0,27,278.7019
16,36.43280473,11.49559109,Mexican,43.45662386,1,59,47.08816126
55,32.1200581,0.593364461,Mexican,44.49958488,1,26,251.3187591
22,33.89903451,13.50840415,Italian,22.63988565,1,14,205.7210154
49,41.35330214,0.89707136,Japanese,44.08849565,0,94,149.9137104
51,29.23615326,9.01194038,American,11.63735777,0,78,272.136316
18,11.63016424,18.58853389,Italian,11.98645966,0,32,170.063181
59,16.55997924,3.304078787,Mexican,34.94076781,1,19,254.3045988
36,27.54428866,7.797447059,Mexican,12.52425476,1,41,270.3574392
75,38.99306239,14.59720618,Japanese,22.98436674,1,11,351.0214661
14,33.73114593,17.64517112,American,36.91023945,0,72,223.4694812
38,36.01176743,13.41886009,Italian,23.49067584,0,22,204.0202548
46,29.17115714,5.163465084,Italian,17.18399126,1,71,282.7589763
47,34.62968088,13.49215706,American,21.25402487,0,95,291.659038
92,23.16069751,5.934552822,Italian,28.30301329,1,13,316.402066
17,28.80730371,14.3685846,American,29.01543421,0,90,133.4754751
74,39.77116262,19.08066255,Mexican,41.32000925,1,24,479.8152954
95,44.87331116,14.42786902,American,40.00612918,0,76,374.8505099
26,27.34621336,17.25761006,Italian,28.27271218,0,84,227.7664606
80,11.74646631,0.042076864,American,43.82669396,1,30,241.9958293
98,16.46690177,14.35144249,Japanese,14.56948554,1,53,405.9516291
54,10.83444557,16.59175114,Mexican,20.21413401,1,4,186.5776652
13,36.13052077,0.811174751,Mexican,43.11905854,1,12,-28.92089006
45,23.29258501,17.43195455,American,25.11976155,1,27,361.9730309
79,31.69914543,5.133884566,Italian,49.24726235,0,42,284.9133731
40,29.73107387,13.30584204,Japanese,28.65013126,1,88,399.6521997
28,13.26105958,16.00709758,Mexican,41.67742492,1,98,162.370576
70,26.13045444,13.25329026,Mexican,26.09228166,1,46,317.9799849
63,18.822445,1.845695841,Italian,26.99814076,0,70,216.5969576
48,26.73599155,11.92643038,Italian,25.31532589,1,37,249.8414055
83,18.14313121,10.99167313,Japanese,38.76302482,1,95,323.3042369
99,43.61809625,18.00642536,American,31.90071536,1,66,492.3054636
28,16.96773346,8.084794593,Italian,47.75112445,0,61,116.9003707
48,48.43122206,6.421621942,American,20.03561266,0,38,252.7354543
76,26.63629465,14.99701529,Japanese,14.02250928,1,36,289.0246845
54,43.84981168,8.253506522,American,25.7304594,0,85,185.9878407
22,35.15059273,12.9219235,Mexican,34.66850831,1,7,197.162077
67,39.41401195,12.9290018,American,44.43195748,0,80,353.7264368
29,40.70895552,17.76078129,Japanese,23.84787547,1,51,193.313743
81,30.19379528,11.97384805,Japanese,36.15147004,0,90,426.678802
70,31.73202093,10.0430722,Japanese,24.00794724,1,32,461.9567431
48,30.55983471,2.777426528,American,34.68878332,1,80,238.6512822
10,33.52233512,2.314752134,Mexican,45.39231788,0,41,3.819308481
12,11.17577783,3.086431306,Italian,19.25430569,1,75,27.3522199
86,25.82060679,3.436969627,Mexican,26.16966568,1,26,277.7392203
71,34.24754854,12.75754185,American,49.73060786,1,7,338.4156567
72,33.90894261,14.81962501,American,44.74228113,1,22,371.2592927
34,41.71824378,10.59983046,Italian,32.58559432,0,63,223.2275064
65,36.20037355,16.58035465,American,30.66510367,1,92,335.6903101
42,49.68533265,19.82526453,Japanese,21.38401529,0,19,279.3952723
47,21.35418114,16.40025258,Japanese,30.68837711,0,15,286.006945
15,24.36604119,13.89764747,Japanese,43.92725993,0,16,156.6351039
67,25.35388607,10.64985399,Japanese,37.40698053,0,79,201.3518213
53,28.63251228,8.977061433,Japanese,21.60176113,1,18,373.8083687
54,43.43992255,1.687847611,American,18.05855684,1,7,178.141588
41,19.43168376,7.987374968,Italian,20.60834148,0,37,111.1652405
54,41.04000828,18.20269274,Italian,16.79036806,1,37,373.8231073
70,26.21240732,16.1604526,Japanese,13.82562784,0,52,345.390677
56,34.07421535,4.3210273,American,26.76544698,1,92,281.5320603
30,35.30162133,9.332155694,Mexican,14.53198418,1,99,51.26926144
89,24.91394549,16.33446405,Mexican,16.87650231,1,89,459.0826148
94,30.50460821,1.347691096,American,31.89298737,0,30,363.0077801
84,26.52124699,7.747851713,Japanese,16.58397095,0,43,267.6115943
45,12.76531145,17.03682474,Italian,12.5551907,1,59,208.7354245
28,27.48661555,8.077957283,American,22.695554,0,75,186.8546548
29,13.8957357,1.552292895,Mexican,18.81276394,0,16,73.3422458
66,26.20083196,10.85068737,Mexican,30.61220752,1,78,248.4243693
27,33.71673599,17.2348499,Mexican,14.09468338,0,72,83.60227642
56,33.17659597,11.80571086,Japanese,40.07083151,1,38,293.4075583
58,36.50485116,4.525582164,Mexican,46.24934078,1,41,215.8023562
23,13.81046032,7.684792403,American,39.73740696,1,47,131.8227091
24,36.08492982,9.002467224,American,31.3130815,0,11,144.7603508
40,22.48592227,11.58532708,Mexican,44.42671287,1,95,191.9012814
10,25.96183785,15.18702052,American,37.79673519,1,88,178.1240069
63,44.31945016,1.977472353,Mexican,10.4220449,0,17,301.3408821
12,10.36121617,17.79304066,Mexican,25.76360611,0,78,45.96339532
25,33.53650533,0.24619406,Italian,44.03807598,0,95,227.6197437
96,33.9485592,7.401046693,Japanese,23.83435432,0,5,398.2725912
66,25.86639105,0.548406199,Japanese,11.40860694,1,42,304.0339168
84,19.48111428,7.859484507,Italian,39.84718554,0,34,336.1401243
21,19.38696153,10.51625198,Italian,42.08153081,0,97,27.11148877
83,45.34838679,10.23362773,Japanese,16.4237478,0,53,429.637912
25,27.68097495,3.312566941,Mexican,31.49361987,0,61,177.4576776
81,23.23557452,12.9148102,Mexican,17.67821756,1,68,283.4391256
85,27.95110295,0.89556901,Japanese,38.76937676,0,81,254.478197
33,36.77561606,15.2381364,Mexican,20.86201821,1,15,223.7356099
37,15.83026273,18.93288868,Italian,22.6486049,0,7,59.59001063
17,27.97735341,6.795376543,Mexican,43.79883415,1,88,231.0412336
45,33.51537484,10.34478763,Mexican,29.05289409,1,95,209.3143248
99,47.94333419,7.578205561,American,36.79017805,0,89,423.6922028
17,20.10111128,0.134207806,American,26.09492203,1,85,105.2123856
67,24.37002992,7.717490058,American,21.92027429,0,30,396.712849
69,25.1743436,15.83440519,Mexican,35.01912242,1,9,367.5586697
59,34.22152631,11.91977684,Japanese,16.19430296,1,55,216.9907778
37,24.26928212,2.025198292,Italian,24.91999342,1,75,184.6027302
50,31.34047701,16.94278979,Mexican,18.3614815,0,91,359.6951421
73,41.27161319,10.6217069,Japanese,37.83179868,1,69,319.6722433
36,38.21542376,16.83446723,Mexican,47.76835353,0,19,333.6194123
72,27.85474586,11.60443038,Italian,49.82043872,1,4,313.4948686
26,44.56864711,11.1937689,Mexican,28.01107242,1,22,291.8783286
82,32.32560998,2.105183704,Italian,20.10121559,1,8,321.3732353
42,31.59623358,3.347194663,Mexican,27.71317482,1,57,249.3390645
93,11.36751064,19.44050513,Italian,43.8907764,1,58,381.7734352
86,49.46771921,4.569734935,Mexican,18.24022714,1,92,305.1816839
38,14.91883234,19.54904236,Italian,48.08382607,0,79,119.7428306
22,19.2452365,10.63825413,American,23.67463075,0,53,192.5891779
55,12.06787349,2.715780941,Mexican,49.43214638,0,45,251.3877262
44,35.60011867,1.986044055,Mexican,43.5443555,1,21,275.0092103
15,18.98804708,4.177281414,Japanese,42.34282137,0,63,175.8507115
91,17.2004175,18.5127466,Japanese,22.71618695,1,7,343.7171118
78,13.54222337,8.283004487,Italian,10.35108848,0,19,292.7757897
56,14.13235828,7.90868536,Mexican,25.28531635,0,50,214.6059107
34,33.38682802,6.264125221,Italian,22.07237479,1,77,113.2507774
75,37.52831463,2.941237011,American,11.49587962,1,38,405.4127559
19,25.89515954,9.757023944,Japanese,30.21461026,0,36,173.0702607
65,29.19588326,2.60095565,Italian,26.12125245,0,49,250.5318112
39,37.43870944,16.70960473,Italian,35.38225871,0,33,188.7639422
14,10.69519161,7.407939726,Japanese,34.84745289,0,74,169.0619304
42,22.92522628,7.496071356,Mexican,14.82986544,1,32,345.767038
74,48.92390992,9.48012857,Italian,49.07862185,0,30,348.0330389
27,33.20448919,8.882554263,Japanese,17.47725718,1,53,291.4428205
58,20.1689832,19.89715946,Mexican,27.81096099,1,43,351.2672812
20,30.86920187,10.90762242,American,29.52470174,0,33,82.19211368
94,23.70613952,1.764034076,Japanese,42.52251189,1,70,353.7325253
35,31.28979955,12.13754683,Italian,13.96918384,0,61,292.1149576
72,15.02966047,3.031685857,American,27.14577117,1,22,246.7498564
98,15.30858615,0.618752895,Mexican,35.14008681,1,45,434.8571416
95,15.74169448,19.41484307,Mexican,18.60622486,0,55,404.6011166
68,47.59279168,15.47077783,Japanese,35.09871595,1,6,369.817071
36,39.31595673,19.60217985,Japanese,46.9465935,1,88,336.2908285
58,16.49527579,9.55756896,Japanese,49.90072525,0,60,271.8847397
86,17.53396335,10.64515062,Mexican,11.29804307,1,2,350.9447573
42,39.23317899,3.366739118,American,19.42352913,1,37,311.6230058
10,16.24655379,4.938148533,Mexican,22.41228463,0,83,109.309554
30,19.38245173,16.7709843,Italian,25.96504402,0,33,239.5469493
64,48.53387331,7.123712942,Mexican,19.6902863,1,43,295.5068596
15,20.21226099,16.53629948,Italian,18.13951978,1,29,171.9434908
90,36.46529401,14.18027449,American,48.1821537,1,16,350.0895856
78,49.1452515,3.543418505,Japanese,46.74086411,0,58,460.1955813
14,24.97187069,10.14892732,Japanese,11.87970004,1,9,72.06850544
12,10.70063963,13.54774643,Mexican,23.55252086,1,98,206.8992174
62,19.76589162,4.700744296,Japanese,26.20594215,1,83,271.8175688
32,43.23508765,16.61377021,American,19.56058139,1,17,202.2117539
62,44.58435344,10.89655315,Japanese,35.15491588,1,44,410.9441884
46,40.74077458,3.304841009,Mexican,35.61522987,1,90,283.2552865
83,14.52439276,11.65968852,American,44.02016913,0,58,404.8393303
83,41.82041487,19.99427608,Italian,39.63477074,0,61,539.3716035
92,46.74711188,3.010429833,Mexican,31.70293308,1,58,403.8434455
26,34.0243817,16.3351386,Italian,36.1434708,1,48,246.4661319
94,47.63501425,4.146180064,American,20.95955126,0,99,457.5787006
87,43.07355535,15.64776659,Mexican,33.7222476,0,62,430.4849068
82,36.67886068,14.69155846,Mexican,29.56909019,0,86,470.9541908
10,33.08740947,6.009787712,American,15.33377869,1,31,-7.627381568
60,23.94294669,6.516462351,Japanese,19.70177106,1,9,343.525308
54,16.37149781,15.85042784,Mexican,21.66773803,1,10,233.602843
86,34.19815691,9.228910238,Mexican,46.97238268,1,69,418.6631077
13,22.72446214,14.61636057,Italian,19.21546558,0,61,208.2901531
71,44.6575467,2.959682947,Japanese,21.56975611,0,46,317.7867501
74,49.73347749,17.05115564,Italian,24.7741652,0,33,491.8124456
41,40.0971105,14.21769433,Italian,36.54970955,0,99,211.3736255
43,13.61926781,18.13885618,Japanese,14.7295357,1,16,337.5291186
81,21.54742382,2.647447581,Japanese,48.1578085,1,53,356.132807
48,14.36438527,11.86029001,American,44.6228488,0,75,276.0633235
35,36.02046591,11.9824117,Japanese,33.08864292,0,84,293.1514665
43,40.60763458,7.069214811,Mexican,36.9615147,0,39,237.903674
63,47.02699324,9.169328491,Japanese,10.66641885,0,18,276.1945934
12,27.52689386,0.759631266,American,23.55779101,0,66,35.49014088
59,46.05502598,14.91720077,American,41.82640923,1,81,369.3788105
21,45.11564636,10.98644959,American,13.09931895,1,52,191.0570621
74,22.68782867,1.154821037,Japanese,21.29255337,0,63,326.4703193
63,44.75602502,13.61511786,Japanese,33.41187313,0,82,408.5871306
14,25.02689008,9.335641545,Italian,20.25652111,0,46,146.1889314
66,21.87477098,0.689225189,Italian,47.35911897,1,5,297.0599452
26,35.96298635,19.39215454,Mexican,15.24234523,1,15,298.4217333
56,23.13524912,18.98224286,Italian,41.89577432,1,71,274.9351707
32,35.20834993,10.25804832,Mexican,30.31794768,0,17,281.3999748
88,34.39327222,1.873448414,American,40.01323103,1,51,287.7318019
94,32.53755709,15.09242443,Italian,22.42861313,0,47,439.9755497
23,25.21678817,9.838622002,Japanese,30.57958409,1,42,129.1016805
75,31.93998887,6.048949566,Italian,44.27341399,1,38,297.077829
84,33.859419,9.828363551,Mexican,28.67512396,1,48,312.7619961
60,31.82747554,10.44888291,Italian,24.38879448,0,11,223.7768258
47,27.77677811,11.25423398,American,31.44621545,0,9,221.2461748
73,10.58668228,8.824474273,Japanese,38.69451012,1,70,255.1313447
47,33.48246831,12.11510606,Mexican,27.74253382,0,54,261.1605952
59,16.73777541,18.37469421,Japanese,47.55507901,0,0,256.3932878
91,35.70303876,7.245361742,Japanese,21.79783296,0,48,264.3819665
39,40.37377312,14.51432926,Mexican,29.01854425,0,35,363.5761001
88,30.01781237,17.88905114,Japanese,40.27710637,0,20,422.7111839
60,31.6945466,9.119585515,Japanese,37.56484362,0,36,253.1879957
72,48.05914239,8.869116728,Italian,44.5456421,0,23,395.1728992
61,43.88669445,12.04233971,Japanese,49.87236723,1,54,367.1711011
47,46.56946064,11.82813519,Japanese,27.07433315,0,24,303.220511
97,42.55065153,16.13178685,Japanese,14.44603519,0,6,485.5397629
88,14.35673367,9.529667676,Japanese,11.21663523,1,80,373.3018117
39,15.95967424,19.92245899,Mexican,39.07507625,1,92,377.7741581
60,31.06495189,1.189431377,American,44.96054685,1,93,250.4347176
90,19.84278635,0.063356972,Italian,18.82850344,1,70,285.8297505
14,29.067819,12.80396623,Japanese,16.33792149,0,96,151.6778928
38,25.77461295,5.968698247,Japanese,12.48820366,1,70,221.9794741
13,31.97656954,4.807647774,Mexican,42.90811687,1,23,205.3872912
19,39.87502865,6.2379816,American,22.4552776,0,10,268.1428526
65,38.61963628,5.120951302,Japanese,26.06787571,0,72,226.0204173
26,30.8493653,0.615800993,Mexican,30.11000766,0,11,106.9629654
83,42.89573675,19.43066085,Italian,43.57812937,1,34,464.2216957
26,27.23448366,4.414909769,Italian,36.03332886,0,62,195.2643128
93,45.86857159,14.68059525,Japanese,34.60258519,1,67,344.1993751
97,12.8512108,15.25192789,Japanese,17.026884,0,99,295.258914
78,48.1864012,18.58514796,American,30.52759567,0,91,400.8338011
43,36.18772326,0.610989142,American,38.61524069,1,56,81.08254005
15,25.20298036,17.44096677,Japanese,48.93043532,0,12,154.8507163
62,17.88616506,10.54452362,Mexican,18.05625237,0,22,284.7019046
75,29.16732918,12.6508822,American,10.38173412,0,82,282.8244957
86,17.78233293,12.88940554,Japanese,13.01205734,0,38,256.1592646
52,16.65326431,16.3959561,American,25.03409861,0,87,302.9909028
84,34.6940703,6.668146443,Japanese,42.82178591,1,79,378.5244392
32,30.92338898,14.6610238,Italian,10.28568327,1,96,86.55486645
64,36.80384138,10.57156219,Japanese,28.26922372,0,11,367.4060483
89,47.1842351,15.86788029,Italian,23.16922461,1,33,503.329166
84,31.29040853,19.81092066,American,12.0992684,1,70,437.4591935
25,33.23728213,4.013020348,Japanese,28.00945147,1,74,205.6737961
17,13.58505357,19.89297283,American,20.18994829,0,30,268.2640559
13,38.70543144,1.796243086,Italian,24.07539337,0,92,97.18787503
13,25.99620827,0.046350958,Japanese,38.22461219,0,61,129.9082558
65,49.06900955,0.883238724,American,30.86203936,1,12,273.3105159
34,42.92696062,6.835648095,Italian,14.98589716,1,30,247.3188103
76,30.89924162,12.65812661,American,48.45658162,0,1,400.6678351
76,14.92890617,1.380590818,Mexican,35.43643063,0,14,185.9993296
36,44.37663173,0.113316291,Italian,40.63473703,1,56,182.8877758
41,41.99124382,18.74182057,Italian,13.168526,1,74,345.3824754
59,17.38340518,16.43853272,Italian,11.88233518,0,33,375.3253931
70,21.81113157,16.18366342,Japanese,10.77792201,1,67,297.5324752
60,41.73629033,17.68848551,Japanese,17.55176111,1,74,384.9852328
28,17.40913786,14.00068546,Japanese,26.57633591,1,28,255.9873727
30,46.71009957,2.088082595,Mexican,47.43304534,1,65,255.7997732
14,26.98109701,7.982003761,Mexican,28.28238637,1,15,143.9580666
91,13.4815585,14.46298973,Italian,21.61020421,1,38,442.052764
51,42.62994574,5.606689216,Mexican,32.47741014,1,76,405.1891926
70,24.94038732,13.74812728,American,14.47738313,0,36,366.1779693
31,31.05996777,0.489968965,Italian,34.38023564,0,80,158.3399963
30,14.49217378,6.122746818,Italian,32.73727817,1,20,146.6532546
79,10.10336059,10.98260673,American,41.67972134,1,43,304.3043918
10,35.51940823,12.64179659,Italian,49.46750446,1,18,261.672131
14,30.60700681,11.54081329,Mexican,20.03493887,0,70,193.1946485
21,33.74154276,13.95512552,Japanese,30.38625803,0,7,227.7738898
99,41.74975402,0.121774965,American,46.35461625,1,76,285.1572148
55,35.86423654,2.018824,Mexican,41.40759538,0,65,342.8978375
43,16.99093771,17.37888505,American,29.49625212,1,40,280.9039375
58,24.43090076,13.63497288,American,47.81486598,1,74,262.2404707
87,46.23564419,2.258632854,Italian,12.28946774,1,87,366.2153963
99,40.79778801,16.84148875,Italian,47.23994479,1,69,393.0292532
54,32.26548232,4.844624356,Mexican,12.0202957,1,60,262.0070617
36,20.22579991,9.565197684,American,31.89218976,1,25,251.2230906
82,22.08242007,2.903930258,Italian,45.61763792,1,70,367.8091836
35,39.2783227,14.20220113,Italian,20.50883774,0,82,265.850783
56,44.04697043,13.33708842,American,28.88993996,1,69,278.8031741
95,36.85698678,4.222249423,Mexican,22.97315517,0,28,337.7828919
65,42.38119903,17.26801534,Mexican,48.08575668,1,65,293.8505188
72,40.66624541,8.026120484,American,42.94582379,1,18,395.0988777
57,15.98815872,5.850301821,Mexican,38.36006045,0,67,302.4194781
70,26.95779252,3.046591789,Italian,33.50507946,0,57,300.2114316
90,16.11935203,5.32336025,American,42.82367157,1,69,383.6502538
35,19.40942339,0.440538424,Italian,25.69068166,0,56,133.5035742
45,44.77038499,11.66514985,Japanese,27.9020742,1,36,283.3447157
10,28.91567863,16.84461493,Japanese,39.20006884,1,60,130.3139074
17,31.41432407,10.97960899,Mexican,24.31019053,0,91,162.8811506
61,17.13783861,4.385479238,Japanese,12.55603768,0,29,155.1209845
88,22.49087144,0.673383564,Italian,12.97338436,0,70,346.4633262
56,19.20984674,4.292561465,Japanese,14.61451205,0,72,255.5380316
65,18.24744658,8.322428561,Italian,44.78725293,1,24,340.035489
95,35.51843173,15.19222857,Mexican,28.88905703,0,96,446.2173328
23,20.27535391,3.756857051,Mexican,38.51529477,0,64,133.2447446
99,35.28061944,14.39582907,Italian,25.71637342,0,5,386.2982019
37,12.33818456,17.33866937,Japanese,20.3484379,0,17,246.3065685
96,15.67097574,9.078936962,Mexican,23.8876867,0,9,425.3635387
87,20.98161016,16.42863983,American,41.76729381,1,91,280.9195953
97,33.88187668,11.09314696,Mexican,35.008645,1,10,429.9535917
11,37.0336498,12.74181674,Japanese,47.5055912,0,96,223.4724251
35,27.70867867,10.52556921,American,37.18819114,0,64,166.4532554
23,27.83163658,9.263454335,Japanese,32.80726527,1,76,124.3513203
68,38.98067406,4.693068836,Italian,34.40784036,0,83,304.3613309
65,10.63284367,6.063881189,American,47.69485758,1,64,144.7677626
16,23.64360098,5.799402379,Japanese,41.52803719,1,51,145.5599182
12,42.74828228,11.26577862,American,10.96164949,0,66,133.9567022
32,34.12877641,2.39907386,Japanese,31.36558785,1,81,235.3064118
27,23.48908531,18.33583381,American,37.53353646,0,77,349.0280256
47,46.22099169,14.41310291,Japanese,39.94793914,0,30,238.5298558
24,40.9049091,8.028912618,Italian,18.52568477,1,90,228.8607504
73,20.59581789,3.172482891,American,44.68709418,1,16,253.0129148
98,35.8115935,17.63984339,American,48.23372589,0,54,491.2183607
37,33.83002913,16.4755618,American,19.46861223,1,92,210.3784868
83,26.04751656,14.43443105,American,45.3046183,0,35,399.7177251
48,24.67824317,5.430940948,Italian,13.8791505,1,25,157.9260496
66,23.74241899,8.048932749,American,12.22827344,1,52,283.8639332
26,34.68623134,2.054965049,Mexican,15.168952,0,16,97.37470186
95,27.69639746,3.780790495,Italian,12.30964318,0,85,421.3262292
99,43.27452453,15.66033275,Mexican,43.80048949,0,24,412.8267037
53,36.78410465,14.30077438,American,12.36200578,1,1,292.9773267
34,12.79726423,11.86971526,Japanese,20.86656765,0,85,177.7478129
26,35.60672895,17.91453452,Mexican,14.15025374,0,4,239.9446093
22,20.84589746,11.66533036,American,21.81688145,1,3,140.9721287
93,33.71247967,9.339359999,Mexican,13.6223787,1,35,377.5466092
34,37.20527724,6.807414926,American,36.72013003,0,5,241.9126099
77,19.23316757,18.80897011,American,15.33307265,0,20,413.9285081
19,28.2743458,1.65430923,American,44.07383703,0,76,63.12670942
76,17.61299451,18.61774744,Japanese,42.68764203,0,88,410.645005
27,12.09355503,16.5342932,Mexican,10.54646742,1,25,239.9978938
95,25.13905694,2.598598491,Italian,45.82905422,1,54,326.6752724
43,24.51777087,11.29968715,Italian,11.15777267,0,38,166.2504057
17,49.81921963,17.33095963,Italian,19.5858314,0,83,219.5845681
49,27.85409405,11.43618327,Italian,11.29556551,0,32,207.8446009
92,23.34278198,18.14399643,American,23.43373948,1,13,542.4672824
51,33.21900027,18.85967634,Mexican,30.55466103,0,55,361.5436306
50,13.55069576,8.447690444,Mexican,41.86579476,0,99,195.3917426
15,48.46662944,7.546273228,Japanese,23.51926202,1,80,115.9683918
61,35.39840182,18.72642308,Mexican,38.21960099,1,20,388.7252796
35,40.1935128,13.50280122,Mexican,17.50017828,0,45,240.8328156
73,16.81911753,2.320453627,Mexican,40.02393827,0,15,268.7095592
68,26.37911412,0.845834984,Japanese,19.43986424,1,15,260.475397
65,26.90756454,11.29258102,Italian,15.74179024,0,83,312.0211561
68,42.87225776,18.60341931,Mexican,17.41635401,0,28,420.8392686
79,10.04946719,16.88497405,Japanese,17.28252516,1,91,362.8129601
42,22.03412433,13.51695493,Japanese,30.51451518,1,7,239.0709131
62,49.24945497,2.782316978,American,43.79190325,1,87,308.8429181
31,28.99546174,5.084627675,Japanese,13.18420308,0,2,109.6767795
30,25.30105121,17.51022453,Italian,38.27825274,1,88,279.2171329
79,14.79316008,3.656144733,Mexican,36.17385839,1,18,255.5759364
79,48.96658515,5.568788165,Japanese,44.90079807,0,96,358.8951704
13,10.80105424,2.592013024,Italian,19.76590242,0,65,145.0991174
84,39.487209,13.52216463,Japanese,28.00439435,1,78,466.0920367
71,40.74399219,18.87964611,Japanese,47.03309498,1,85,323.4522257
71,19.74626864,5.379360632,Japanese,36.39973801,0,73,254.7235652
33,36.86233774,9.508132157,Japanese,25.55073651,0,81,124.0926846
64,13.71716578,12.68679479,Japanese,15.25649531,1,21,305.9501209
18,20.28189066,19.98932496,Italian,20.49940032,1,45,200.7899088
12,41.51607953,2.0961613,Mexican,33.2486191,0,90,177.1210592
40,44.58744768,9.97141599,Mexican,38.7267179,1,12,217.9615588
49,34.33945651,7.702402398,Mexican,14.97687547,0,32,250.2667553
45,30.27353727,17.3164033,Mexican,33.9838904,1,4,184.9534427
33,16.37216082,9.51935462,Italian,32.01405115,0,89,213.333911
15,12.52436132,2.219550492,American,30.55821787,0,76,109.8213697
75,14.70596114,12.68848291,American,37.60492471,1,26,253.7858907
93,19.094292,15.41561237,Italian,43.4979838,1,77,298.4670263
84,23.66698008,0.057625033,Italian,22.91958733,0,23,333.0678659
13,25.23638102,17.17913371,Japanese,45.5604876,1,66,114.8993948
88,23.85287074,3.72046,Japanese,16.4253445,1,62,372.0462826
15,19.56221329,11.04138729,Japanese,16.92095479,1,93,123.7338349
60,30.38896987,8.315950014,Mexican,20.67088254,0,98,267.6772312
71,43.01144433,14.39307633,Japanese,14.78123478,1,47,390.2413143
66,21.18814154,7.423232296,American,19.21276899,1,62,218.6318728
75,47.69548076,17.39526353,Mexican,14.25647052,0,77,454.4659268
88,44.93346647,14.60992722,Japanese,42.87009668,1,11,436.2816219
84,16.47056845,12.95426342,Mexican,15.55875968,1,27,279.6345038
17,41.45103827,15.92481191,American,39.8919023,0,43,238.0279882
35,32.98349529,15.0804607,Japanese,11.91655472,0,92,222.0412565
60,32.66301449,0.718773498,American,47.9408131,1,42,155.7640963
54,25.64171052,7.894687077,American,38.4464035,1,16,192.8635996
53,30.04611997,18.61614595,American,10.27186194,0,39,400.9114189
14,25.8871511,2.51448538,Japanese,40.55426001,0,48,101.8025857
79,31.58930475,14.74193101,Italian,30.56327683,1,84,437.0783908
35,35.11800211,19.49183623,Japanese,41.17460681,1,56,249.0056499
77,36.97215226,1.043972581,American,30.89987236,1,86,233.8430346
28,31.2992477,13.64387761,Japanese,35.64099431,0,83,304.9517932
93,38.85688269,9.363082826,American,41.45326622,1,63,438.0029383
29,15.65112197,11.58350511,Italian,26.20432218,0,74,145.5666443
21,18.47929964,1.70682673,Mexican,10.10832599,0,56,159.4053054
56,42.74940016,0.860139037,Italian,43.99785984,0,97,348.6973192
10,22.90111911,13.33733321,Italian,25.2356145,1,73,107.7497047
99,10.915753,16.4661886,Mexican,29.84170904,1,73,442.9207013
23,16.15164599,15.6403067,Japanese,10.31066569,1,69,247.2031429
73,18.94457738,10.87611456,Mexican,29.68368041,0,99,246.4845497
47,48.29291552,1.997336423,Japanese,49.45949606,1,87,206.7248048
46,32.92165716,13.76088888,Japanese,21.13070643,0,75,359.1215615
20,47.30922962,4.837777671,American,25.81673081,0,42,33.86572806
86,33.00653402,18.22137406,American,37.48759986,0,22,378.5792732
12,29.17417761,16.76530719,Mexican,42.5917467,0,26,81.61933104
42,22.54910765,14.18765934,Italian,26.69566496,0,57,283.679517
15,34.25483778,18.97691912,Mexican,22.38675482,0,36,188.1066823
59,15.56792098,0.62843643,Japanese,47.513032,1,5,152.4383726
19,45.93046509,14.7240085,American,37.08579867,0,64,141.7841522
14,43.17329621,6.604855587,Mexican,14.76085218,1,5,87.77458858
32,22.70125792,18.12131771,Mexican,12.75711513,0,49,340.7090042
19,48.1119011,5.333503933,American,29.34199403,1,21,301.7396333
53,43.0080307,14.49712999,American,18.80360264,1,87,284.9687753
11,36.65227543,17.55294039,American,20.15939014,1,24,272.9846978
22,14.87047645,0.833136368,Japanese,45.10768715,1,78,66.30830262
49,29.12936092,7.952951592,American,13.58264097,0,89,261.6709091
11,30.24430219,15.24618064,Italian,38.61456461,0,71,114.0934273
93,19.30205433,9.09837779,Mexican,20.84569014,0,50,389.5409924
74,13.19861577,5.345052596,American,40.41312886,0,87,343.9382796
72,41.06894522,4.396106976,American,38.89645538,1,47,352.4224584
82,14.88140208,2.630365338,Japanese,10.29567606,1,69,232.8624582
26,33.77163002,17.1425912,Japanese,30.36541652,1,98,204.5062031
18,47.45796696,11.50710807,Mexican,15.5727793,0,64,147.9712087
84,45.0442077,1.5276989,Italian,44.64908122,1,59,239.0811604
24,21.11010495,7.651606471,Mexican,44.86343531,0,45,151.9142486
33,44.0579455,7.354673016,American,26.7338323,1,35,162.1793239
47,10.01330024,3.634783814,Italian,27.77582474,1,57,133.5663818
44,10.70751238,8.710152509,Italian,22.13131758,1,75,238.6227594
58,34.10212655,6.641987308,Italian,38.66425196,1,37,306.182215
78,24.59192877,6.83607411,Italian,24.34645452,1,10,286.8389313
71,25.45843365,14.78053116,Mexican,20.71169898,0,11,321.8223496
69,32.57764363,4.46526771,Japanese,27.28924238,1,41,346.8057992
59,17.67129822,12.83719918,Japanese,13.65950074,0,38,281.8251634
87,18.47021403,11.41299248,American,39.86412819,0,70,369.9691039
84,29.38406348,11.36185025,Japanese,10.50385605,0,10,320.9757559
18,40.17014177,13.26014692,Japanese,35.77940246,0,35,188.8383018
43,34.77991006,10.96764072,Japanese,17.31458107,0,51,323.6103599
85,21.89420193,17.5851023,Japanese,19.29616185,0,30,296.138161
44,27.2134871,13.51160184,American,35.42527995,0,32,341.4194508
10,16.82659034,10.93926503,Mexican,49.71773863,0,12,139.1802368
49,12.98519257,16.59526241,Italian,41.10869956,1,17,229.9531199
73,41.30784163,12.1229313,Japanese,19.03358529,1,40,249.3120337
31,20.61549637,5.822884956,Mexican,17.0409902,0,57,110.2287675
69,17.11065551,4.141898364,Japanese,44.64931481,0,55,312.2125517
73,37.66472222,3.046555713,Japanese,27.76735792,0,23,272.4822043
81,34.72206697,17.98910425,Italian,15.48211211,1,72,379.9730719
